2007 Honda Odyssey, 2020-05-25, 217673, oil change, EmailDocument_49.pdf
2007 Honda Odyssey, 2020-05-25, 217673, trunk, EmailDocument_49.pdf
2007 Honda Odyssey, 2020-06-27, 218304, Brake, EmailDocument_48.pdf
2001 Oldsmobile Alero, 2019-02-09, 160890, oil change, EmailDocument_13.pdf
2001 Oldsmobile Alero, 2019-07-24, 178893, Brake, EmailDocument_9.pdf
2001 Oldsmobile Alero, 2019-05-22, 161000, Brake, EmailDocument_10.pdf
2001 Oldsmobile Alero, 2015-08-08, 92929, struts, EmailDocument_39.pdf
2001 Oldsmobile Alero, 2019-01-15, 159100, Brake, EmailDocument_15.pdf
2001 Oldsmobile Alero, 2020-12-24, 181358, front brake, EmailDocument.pdf
2001 Oldsmobile Alero, 2020-12-24, 181358, Brake, EmailDocument.pdf
2001 Oldsmobile Alero, 2020-12-24, 181358, transmission, EmailDocument.pdf
2001 Oldsmobile Alero, 2017-04-01, 127150, Brake, EmailDocument_28.pdf
2001 Oldsmobile Alero, 2017-04-01, 127150, transmission, EmailDocument_28.pdf
2001 Oldsmobile Alero, 2019-02-04, 159100, Brake, EmailDocument_14.pdf
2001 Oldsmobile Alero, 2018-12-10, 158637, front brake, EmailDocument_16.pdf
2001 Oldsmobile Alero, 2018-12-10, 158637, Brake, EmailDocument_16.pdf
2001 Oldsmobile Alero, 2016-05-21, 110916, Brake, EmailDocument_33.pdf
2001 Oldsmobile Alero, 2017-10-18, 138213, front brake, EmailDocument_25.pdf
2001 Oldsmobile Alero, 2017-10-18, 138213, Brake, EmailDocument_25.pdf
2001 Oldsmobile Alero, 2020-10-15, 178893, Brake, EmailDocument_2.pdf
2001 Oldsmobile Alero, 2020-09-29, 179460, struts, EmailDocument_4.pdf
2001 Oldsmobile Alero, 2020-02-25, 177491, transmission, EmailDocument_5.pdf
